Workbook

Sheet COVER
A1: NHS A&E Performance Analysis
A2: Q1 2026 — January to March
A3: England — 42 Integrated Care Boards
A5: Analyst: | B5: Aniketha Mishra
A6: Data Source: | B6: NHS England — A&E Attendances & Emergency Admissions
A7: Period: | B7: January 2026 to March 2026
A9: January 2026 to March 2026 | B9: How did NHS A&E performance change across Q1 2026 and which areas are struggling most?

Sheet RAW DATA
A1: Month | B1: ICB Code | C1: ICB Name | D1: Total Attendances | E1: Within 4 Hours | F1: Over 4 Hours | G1: 4hr Rate (All)% | H1: 4hr Rate Type1 % | I1: Total Emergency Admissions | J1: 12hr Breaches
A2: 46023 | B2: QOX | C2: NHS Bath And North East Somerset, Swindon And Wiltshire Integrated Care Board | D2: 31516 | E2: 21237 | F2: 10279 | G2: 0.6738482 | H2: 0.5093733 | I2: 11613 | J2: 962
A3: 46023 | B3: QHG | C3: NHS Bedfordshire, Luton And Milton Keynes Integrated Care Board | D3: 44934 | E3: 33639 | F3: 11295 | G3: 0.74863133 | H3: 0.57409604 | I3: 10880 | J3: 92
A4: 46023 | B4: QHL | C4: NHS Birmingham And Solihull Integrated Care Board | D4: 52473 | E4: 36915 | F4: 15558 | G4: 0.70350466 | H4: 0.59310616 | I4: 19413 | J4: 2080
A5: 46023 | B5: QUY | C5: NHS Bristol, North Somerset And South Gloucestershire Integrated Care Board | D5: 35662 | E5: 25689 | F5: 9973 | G5: 0.72034659 | H5: 0.61580523 | I5: 12874 | J5: 1357
A6: 46023 | B6: QU9 | C6: NHS Buckinghamshire, Oxfordshire And Berkshire West Integrated Care Board | D6: 56265 | E6: 43075 | F6: 13190 | G6: 0.76557362 | H6: 0.6448611 | I6: 18485 | J6: 503
A7: 46023 | B7: QUE | C7: NHS Cambridgeshire And Peterborough Integrated Care Board | D7: 37840 | E7: 25616 | F7: 12224 | G7: 0.6769556 | H7: 0.5637743 | I7: 8882 | J7: 1785
A8: 46023 | B8: QYG | C8: NHS Cheshire And Merseyside Integrated Care Board | D8: 122282 | E8: 87403 | F8: 34879 | G8: 0.71476587 | H8: 0.53767619 | I8: 31370 | J8: 6011
A9: 46023 | B9: QT6 | C9: NHS Cornwall And The Isles Of Scilly Integrated Care Board | D9: 17447 | E9: 13052 | F9: 4395 | G9: 0.74809423 | H9: 0.45085344 | I9: 4157 | J9: 773
A10: 46023 | B10: QWU | C10: NHS Coventry And Warwickshire Integrated Care Board | D10: 38225 | E10: 27502 | F10: 10723 | G10: 0.71947678 | H10: 0.62522813 | I10: 5109 | J10: 811
A11: 46023 | B11: QHM | C11: NHS North East And North Cumbria Integrated Care Board | D11: 144375 | E11: 108114 | F11: 36261 | G11: 0.74884156 | H11: 0.53082123 | I11: 36653 | J11: 809
A12: 46023 | B12: QJK | C12: NHS Devon Integrated Care Board | D12: 47093 | E12: 31460 | F12: 15633 | G12: 0.66803984 | H12: 0.4854794 | I12: 13784 | J12: 1343
A13: 46023 | B13: QVV | C13: NHS Dorset Integrated Care Board | D13: 26942 | E13: 18247 | F13: 8695 | G13: 0.67726969 | H13: 0.54986537 | I13: 9440 | J13: 812
... A127: 46082 | B127: QWO | C127: NHS West Yorkshire Integrated Care Board | D127: 94196 | E127: 74984 | F127: 19212 | G127: 0.79604229 | H127: 0.72073928 | I127: 18993 | J127: 1419

Sheet ANALYSIS
A1: NHS A&E Performance Summary - Q1 2026
A2: Metric | B2: 46023 | C2: 46054 | D2: 46082 | E2: Q1 Total/Average | F2: Jan to Feb Change | G2: Feb to Mar Change
A3: Total A&E Attendances | B3: =SUMIF('RAW DATA'!A:A,"January 2026",'RAW DATA'!D:D) -> 2320266 | C3: =SUMIF('RAW DATA'!A:A,"Feb 2026",'RAW DATA'!D:D) -> 2117450 | D3: =SUMIF('RAW DATA'!A:A,"Mar 2026",'RAW DATA'!D:D) -> 2432253 | E3: =SUM(B3:D3) -> 6869969 | F3: =C3-B3 -> -202816 | G3: =D3-C3 -> 314803
A4: Patients Seen Within 4 Hours | B4: =SUMIF('RAW DATA'!A:A,"January 2026",'RAW DATA'!E:E) -> 1681284 | C4: =SUMIF('RAW DATA'!A:A,"Feb2026",'RAW DATA'!E:E) -> 1568084 | D4: =SUMIF('RAW DATA'!A:A,"March 2026",'RAW DATA'!E:E) -> 1875443 | E4: =SUM(B4:D4) -> 5124811 | F4: =C4-B4 -> -113200 | G4: =D4-C4 -> 307359
A5: Patients Waiting Over 4 Hours | B5: =SUMIF('RAW DATA'!A:A,"January 2026",'RAW DATA'!F:F) -> 638982 | C5: =SUMIF('RAW DATA'!A:A,"Feb 2026",'RAW DATA'!F:F) -> 549366 | D5: =SUMIF('RAW DATA'!A:A,"Mar2026",'RAW DATA'!F:F) -> 556810 | E5: =SUM(B5:D5) -> 1745158 | F5: =C5-B5 -> -89616 | G5: =D5-C5 -> 7444
A6: 4hr Rate (All Departments) % | B6: =AVERAGEIF('RAW DATA'!A:A,"January 2026",'RAW DATA'!G:G) -> 0.71412933 | C6: =AVERAGEIF('RAW DATA'!A:A,"Feb 2026",'RAW DATA'!G:G) -> 0.73004078 | D6: =AVERAGEIF('RAW DATA'!A:A,"March2026",'RAW DATA'!G:G) -> 0.76032869 | E6: =AVERAGE(B6:D6) -> 0.73483293 | F6: =C6-B6 -> 0.015911451 | G6: =D6-C6 -> 0.03028791
A7: 4hr Rate (Type 1 Major A&E) % | B7: =AVERAGEIF('RAW DATA'!A:A,"January 2026",'RAW DATA'!H:H) -> 0.56047076 | C7: =AVERAGEIF('RAW DATA'!A:A,"Feb2026",'RAW DATA'!H:H) -> 0.58111949 | D7: =AVERAGEIF('RAW DATA'!A:A,"Mar 2026",'RAW DATA'!H:H) -> 0.62751582 | E7: =AVERAGE(B7:D7) -> 0.58970202 | F7: =C7-B7 -> 0.020648722 | G7: =D7-C7 -> 0.046396337
A8: Total Emergency Admissions | B8: =SUMIF('RAW DATA'!A:A,"January 2026",'RAW DATA'!I:I) -> 546136 | C8: =SUMIF('RAW DATA'!A:A,"Feb 2026",'RAW DATA'!I:I) -> 493015 | D8: =SUMIF('RAW DATA'!A:A,"mar 2026",'RAW DATA'!I:I) -> 553892 | E8: =SUM(B8:D8) -> 1593043 | F8: =C8-B8 -> -53121 | G8: =D8-C8 -> 60877
A9: 12hr Breaches | B9: =SUMIF('RAW DATA'!A:A,"January 2026",'RAW DATA'!J:J) -> 71517 | C9: =SUMIF('RAW DATA'!A:A,"February 2026",'RAW DATA'!J:J) -> 54649 | D9: =SUMIF('RAW DATA'!A:A,"March 2026",'RAW DATA'!J:J) -> 46665 | E9: =SUM(B9:D9) -> 172831 | F9: =C9-B9 -> -16868 | G9: =D9-C9 -> -7984

Sheet CHARTS
A1: Month | B1: Total Attendances | C1: 4hr Rate All% | D1: 4hr Rate Type1% | E1: 12hr Breaches | F1: 95% Target
A2: 46023 | B2: =ANALYSIS!B3 -> 2320266 | C2: =ANALYSIS!B6 -> 0.71412933 | D2: =ANALYSIS!B7 -> 0.56047076 | E2: =ANALYSIS!B9 -> 71517 | F2: 0.95
A3: 46054 | B3: =ANALYSIS!C3 -> 2117450 | C3: =ANALYSIS!C6 -> 0.73004078 | D3: =ANALYSIS!C7 -> 0.58111949 | E3: =ANALYSIS!C9 -> 54649 | F3: 0.95
A4: 46082 | B4: =ANALYSIS!D3 -> 2432253 | C4: =ANALYSIS!D6 -> 0.76032869 | D4: =ANALYSIS!D7 -> 0.62751582 | E4: =ANALYSIS!D9 -> 46665 | F4: 0.95

Sheet PIVOT
I2: Average of 4hr Rate (All)% | J2: Column Labels
A3: Sum of 12hr Breaches | B3: Column Labels | J3: Jan | K3: Feb | L3: Mar | M3: Grand Total
B4: Jan | C4: Feb | D4: Mar | E4: Grand Total
I5: Row Labels
A6: Row Labels | I6: NHS Bath And North East Somerset, Swindon And Wiltshire Integrated Care Board | J6: 0.6738482 | K6: 0.6894024 | L6: 0.7117514 | M6: 0.69166733
A7: NHS Bath And North East Somerset, Swindon And Wiltshire Integrated Care Board | B7: 962 | C7: 815 | D7: 668 | E7: 2445 | I7: NHS Bedfordshire, Luton And Milton Keynes Integrated Care Board | J7: 0.74863133 | K7: 0.76118223 | L7: 0.81041875 | M7: 0.77341077
A8: NHS Bedfordshire, Luton And Milton Keynes Integrated Care Board | B8: 92 | C8: 65 | D8: 15 | E8: 172 | I8: NHS Birmingham And Solihull Integrated Care Board | J8: 0.70350466 | K8: 0.71595466 | L8: 0.72915265 | M8: 0.71620399
A9: NHS Birmingham And Solihull Integrated Care Board | B9: 2080 | C9: 1924 | D9: 1513 | E9: 5517 | I9: NHS Black Country Integrated Care Board | J9: 0.7410232 | K9: 0.76442251 | L9: 0.81751535 | M9: 0.77432035
A10: NHS Black Country Integrated Care Board | B10: 2209 | C10: 1468 | D10: 1362 | E10: 5039 | I10: NHS Bristol, North Somerset And South Gloucestershire Integrated Care Board | J10: 0.72034659 | K10: 0.7343818 | L10: 0.73167171 | M10: 0.72880003
A11: NHS Bristol, North Somerset And South Gloucestershire Integrated Care Board | B11: 1357 | C11: 870 | D11: 1105 | E11: 3332 | I11: NHS Buckinghamshire, Oxfordshire And Berkshire West Integrated Care Board | J11: 0.76557362 | K11: 0.79094596 | L11: 0.8028081 | M11: 0.78644256
A12: NHS Buckinghamshire, Oxfordshire And Berkshire West Integrated Care Board | B12: 503 | C12: 373 | D12: 282 | E12: 1158 | I12: NHS Cambridgeshire And Peterborough Integrated Care Board | J12: 0.6769556 | K12: 0.68074023 | L12: 0.71863003 | M12: 0.69210862
A13: NHS Cambridgeshire And Peterborough Integrated Care Board | B13: 1785 | C13: 1479 | D13: 1349 | E13: 4613 | I13: NHS Cheshire And Merseyside Integrated Care Board | J13: 0.71476587 | K13: 0.71609286 | L13: 0.73787209 | M13: 0.72291027
A14: NHS Cheshire And Merseyside Integrated Care Board | B14: 6011 | C14: 5148 | D14: 5004 | E14: 16163 | I14: NHS Cornwall And The Isles Of Scilly Integrated Care Board | J14: 0.74809423 | K14: 0.74533128 | L14: 0.79595175 | M14: 0.76312575
A15: NHS Cornwall And The Isles Of Scilly Integrated Care Board | B15: 773 | C15: 529 | D15: 467 | E15: 1769 | I15: NHS Coventry And Warwickshire Integrated Care Board | J15: 0.71947678 | K15: 0.75208405 | L15: 0.80496254 | M15: 0.75884112
A16: NHS Coventry And Warwickshire Integrated Care Board | B16: 811 | C16: 370 | D16: 235 | E16: 1416 | I16: NHS Derby And Derbyshire Integrated Care Board | J16: 0.70693168 | K16: 0.73594404 | L16: 0.76132165 | M16: 0.73473246
A17: NHS Derby And Derbyshire Integrated Care Board | B17: 2172 | C17: 1250 | D17: 537 | E17: 3959 | I17: NHS Devon Integrated Care Board | J17: 0.66803984 | K17: 0.6730909 | L17: 0.69665385 | M17: 0.67926153
A18: NHS Devon Integrated Care Board | B18: 1343 | C18: 963 | D18: 590 | E18: 2896 | I18: NHS Dorset Integrated Care Board | J18: 0.67726969 | K18: 0.67859635 | L18: 0.71256967 | M18: 0.68947857
... A48: NHS West Yorkshire Integrated Care Board | B48: 2597 | C48: 1985 | D48: 1419 | E48: 6001 | I48: Grand Total | J48: 0.71412933 | K48: 0.73004078 | L48: 0.76032869 | M48: 0.73483293
A49: Grand Total | B49: 71517 | C49: 54649 | D49: 46665 | E49: 172831

Sheet SUMMARY 
A1: NHS A&E Performance Analysis — Q1 2026
A2: Executive Summary
A3: Key Findings
A4: 1 | B4: A&E performance remained below the NHS 95% target for all 3 months of Q1 2026
A5: 2 | B5: The overall 4-hour rate improved from 71% in January to 76% in March — a positive trend but still 19 percentage points below target
A6: 3 | B6: Type 1 (Major A&E) performance was critically low — only 56% of seriously ill patients were seen within 4 hours in January
A7: 4 | B7: 12-hour breaches fell from 71,517 in January to 46,665 in March — a reduction of nearly 25,000 patients in one quarter
A8: 5 | B8: February had the lowest attendances at 2,117,450 — reflecting the shorter month, not a genuine reduction in demand
A9: 6 | B9: NHS Shropshire, Telford and Wrekin was the worst performing ICB with an average 4-hour rate of just 60.8% — 34 percentage points below the 95% target
A10: 7 | B10: A 19.7 percentage point gap exists between the best and worst performing ICBs, highlighting significant regional inequality in A&E performance across England
A11: 8 | B11: Conditional formatting analysis revealed every single Type 1 (Major A&E) rate across all 42 ICBs and all 3 months fell below 76% — visually confirming a system-wide crisis in major emergency departments
A13: Recommendations
A14: 1 | B14: Prioritise Type 1 A&E capacity — with only 56% of major A&E patients seen within 4 hours in January, urgent investment in staffing and bed availability is needed in the worst performing ICBs
A15: 2 | B15: Investigate the 10 worst performing ICBs — regional variation is significant and targeted support should be directed at consistently underperforming areas
A16: 3 | B16: Continue monitoring 12-hour breach reduction — the downward trend is encouraging but 46,665 breaches in a single month remains unacceptably high
A18: Limitations
A19: 1 | B19: This analysis covers system-level data only — provider-level variation within each ICB is not captured
A20: 2 | B20: Three months of data is insufficient to determine whether the improving trend will be sustained
A21: 3 | B21: Percentage rates are averaged across ICBs which may differ slightly from NHS England published national figures
